game,steps,actor_cost,critic_cost,final_reward,action
0,8,0.0,0.0,-128.0,2.5
1,8,0.0,0.0,-128.0,2.206540330438608
2,8,0.0,0.0,-128.0,2.4939823150634766
